{
	"format_version": "1.8.0",
	"animations": {
		"idle": {
			"animation_length": 1
		},
		"drive_forward": {
			"loop": true,
			"animation_length": 1.75,
			"bones": {
				"r_front_tire": {
					"rotation": {
						"0.0": [0, 0, 0],
						"0.25": [45, 0, 0],
						"0.5": [90, 0, 0],
						"0.75": [135, 0, 0],
						"1.0": [180, 0, 0],
						"1.25": [225, 0, 0],
						"1.5": [270, 0, 0],
						"1.75": [315, 0, 0]
					}
				},
				"l_front_tire": {
					"rotation": {
						"0.0": [0, 0, 0],
						"0.25": [45, 0, 0],
						"0.5": [90, 0, 0],
						"0.75": [135, 0, 0],
						"1.0": [180, 0, 0],
						"1.25": [225, 0, 0],
						"1.5": [270, 0, 0],
						"1.75": [315, 0, 0]
					}
				},
				"back_l_tire": {
					"rotation": {
						"0.0": [0, 0, 0],
						"0.25": [45, 0, 0],
						"0.5": [90, 0, 0],
						"0.75": [135, 0, 0],
						"1.0": [180, 0, 0],
						"1.25": [225, 0, 0],
						"1.5": [270, 0, 0],
						"1.75": [315, 0, 0]
					}
				},
				"back_r_tire": {
					"rotation": {
						"0.0": [0, 0, 0],
						"0.25": [45, 0, 0],
						"0.5": [90, 0, 0],
						"0.75": [135, 0, 0],
						"1.0": [180, 0, 0],
						"1.25": [225, 0, 0],
						"1.5": [270, 0, 0],
						"1.75": [315, 0, 0]
					}
				}
			}
		},
		"drive_forward_right": {
			"loop": true,
			"animation_length": 1.75,
			"bones": {
				"r_front_tire": {
					"rotation": {
						"0.0": [0, 25, 0],
						"0.25": [47.81374, 17.38772, 18.2489],
						"0.5": [90, 25, 0],
						"0.75": [137.81374, 17.38772, 18.2489],
						"1.0": [180, 25, 0],
						"1.25": [227.81374, 17.38772, 18.2489],
						"1.5": [270, 25, 0],
						"1.75": [317.81374, 17.38772, 18.2489]
					}
				},
				"l_front_tire": {
					"rotation": {
						"0.0": [0, 25, 0],
						"0.25": [47.81374, 17.38772, 18.2489],
						"0.5": [90, 25, 0],
						"0.75": [137.81374, 17.38772, 18.2489],
						"1.0": [180, 25, 0],
						"1.25": [227.81374, 17.38772, 18.2489],
						"1.5": [270, 25, 0],
						"1.75": [317.81374, 17.38772, 18.2489]
					}
				},
				"back_l_tire": {
					"rotation": {
						"0.0": [0, 0, 0],
						"0.25": [45, 0, 0],
						"0.5": [90, 0, 0],
						"0.75": [135, 0, 0],
						"1.0": [180, 0, 0],
						"1.25": [225, 0, 0],
						"1.5": [270, 0, 0],
						"1.75": [315, 0, 0]
					}
				},
				"back_r_tire": {
					"rotation": {
						"0.0": [0, 0, 0],
						"0.25": [45, 0, 0],
						"0.5": [90, 0, 0],
						"0.75": [135, 0, 0],
						"1.0": [180, 0, 0],
						"1.25": [225, 0, 0],
						"1.5": [270, 0, 0],
						"1.75": [315, 0, 0]
					}
				}
			}
		},
		"drive_forward_left": {
			"loop": true,
			"animation_length": 1.75,
			"bones": {
				"r_front_tire": {
					"rotation": {
						"0.0": [0, -25, 0],
						"0.25": [47.81374, -17.38772, -18.2489],
						"0.5": [90, -25, 0],
						"0.75": [132.18626, -17.38772, 18.2489],
						"1.0": [180, -25, 0],
						"1.25": [227.81374, -17.38772, -18.2489],
						"1.5": [270, -25, 0],
						"1.75": [317.81374, -17.38772, -18.2489]
					}
				},
				"l_front_tire": {
					"rotation": {
						"0.0": [0, -25, 0],
						"0.25": [47.81374, -17.38772, -18.2489],
						"0.5": [90, -25, 0],
						"0.75": [132.18626, -17.38772, 18.2489],
						"1.0": [180, -25, 0],
						"1.25": [227.81374, -17.38772, -18.2489],
						"1.5": [270, -25, 0],
						"1.75": [317.81374, -17.38772, -18.2489]
					}
				},
				"back_l_tire": {
					"rotation": {
						"0.0": [0, 0, 0],
						"0.25": [45, 0, 0],
						"0.5": [90, 0, 0],
						"0.75": [135, 0, 0],
						"1.0": [180, 0, 0],
						"1.25": [225, 0, 0],
						"1.5": [270, 0, 0],
						"1.75": [315, 0, 0]
					}
				},
				"back_r_tire": {
					"rotation": {
						"0.0": [0, 0, 0],
						"0.25": [45, 0, 0],
						"0.5": [90, 0, 0],
						"0.75": [135, 0, 0],
						"1.0": [180, 0, 0],
						"1.25": [225, 0, 0],
						"1.5": [270, 0, 0],
						"1.75": [315, 0, 0]
					}
				}
			}
		},
		"drive_backward": {
			"loop": true,
			"animation_length": 1.75,
			"bones": {
				"r_front_tire": {
					"rotation": {
						"0.0": [-45, 0, 0],
						"0.25": [-90, 0, 0],
						"0.5": [-135, 0, 0],
						"0.75": [-180, 0, 0],
						"1.0": [-225, 0, 0],
						"1.25": [-270, 0, 0],
						"1.5": [-315, 0, 0],
						"1.75": [-360, 0, 0]
					}
				},
				"l_front_tire": {
					"rotation": {
						"0.0": [-45, 0, 0],
						"0.25": [-90, 0, 0],
						"0.5": [-135, 0, 0],
						"0.75": [-180, 0, 0],
						"1.0": [-225, 0, 0],
						"1.25": [-270, 0, 0],
						"1.5": [-315, 0, 0],
						"1.75": [-360, 0, 0]
					}
				},
				"back_l_tire": {
					"rotation": {
						"0.0": [-45, 0, 0],
						"0.25": [-90, 0, 0],
						"0.5": [-135, 0, 0],
						"0.75": [-180, 0, 0],
						"1.0": [-225, 0, 0],
						"1.25": [-270, 0, 0],
						"1.5": [-315, 0, 0],
						"1.75": [-360, 0, 0]
					}
				},
				"back_r_tire": {
					"rotation": {
						"0.0": [-45, 0, 0],
						"0.25": [-90, 0, 0],
						"0.5": [-135, 0, 0],
						"0.75": [-180, 0, 0],
						"1.0": [-225, 0, 0],
						"1.25": [-270, 0, 0],
						"1.5": [-315, 0, 0],
						"1.75": [-360, 0, 0]
					}
				}
			}
		},
		"drive_backward_left": {
			"loop": true,
			"animation_length": 1.75,
			"bones": {
				"r_front_tire": {
					"rotation": {
						"0.0": [-45, 0, 0],
						"0.25": [-90, 0, 0],
						"0.5": [-135, 0, 0],
						"0.75": [-180, 0, 0],
						"1.0": [-225, 0, 0],
						"1.25": [-270, 0, 0],
						"1.5": [-315, 0, 0],
						"1.75": [-360, 0, 0]
					}
				},
				"l_front_tire": {
					"rotation": {
						"0.0": [-45, 0, 0],
						"0.25": [-90, 0, 0],
						"0.5": [-135, 0, 0],
						"0.75": [-180, 0, 0],
						"1.0": [-225, 0, 0],
						"1.25": [-270, 0, 0],
						"1.5": [-315, 0, 0],
						"1.75": [-360, 0, 0]
					}
				},
				"back_l_tire": {
					"rotation": {
						"0.0": [-47.81374, 17.38772, -18.2489],
						"0.25": [-90, 25, 0],
						"0.5": [-132.18626, 17.38772, 18.2489],
						"0.75": [-180, 25, 0],
						"1.0": [-227.81374, 17.38772, -18.2489],
						"1.25": [-270, 25, 0],
						"1.5": [-317.81374, 17.38772, -18.2489],
						"1.75": [-360, 25, 0]
					}
				},
				"back_r_tire": {
					"rotation": {
						"0.0": [-47.81374, 17.38772, -18.2489],
						"0.25": [-90, 25, 0],
						"0.5": [-132.18626, 17.38772, 18.2489],
						"0.75": [-180, 25, 0],
						"1.0": [-227.81374, 17.38772, -18.2489],
						"1.25": [-270, 25, 0],
						"1.5": [-317.81374, 17.38772, -18.2489],
						"1.75": [-360, 25, 0]
					}
				}
			}
		},
		"drive_backward_right": {
			"loop": true,
			"animation_length": 1.75,
			"bones": {
				"r_front_tire": {
					"rotation": {
						"0.0": [-45, 0, 0],
						"0.25": [-90, 0, 0],
						"0.5": [-135, 0, 0],
						"0.75": [-180, 0, 0],
						"1.0": [-225, 0, 0],
						"1.25": [-270, 0, 0],
						"1.5": [-315, 0, 0],
						"1.75": [-360, 0, 0]
					}
				},
				"l_front_tire": {
					"rotation": {
						"0.0": [-45, 0, 0],
						"0.25": [-90, 0, 0],
						"0.5": [-135, 0, 0],
						"0.75": [-180, 0, 0],
						"1.0": [-225, 0, 0],
						"1.25": [-270, 0, 0],
						"1.5": [-315, 0, 0],
						"1.75": [-360, 0, 0]
					}
				},
				"back_l_tire": {
					"rotation": {
						"0.0": [-47.81374, -17.38772, 18.2489],
						"0.25": [-90, -25, 0],
						"0.5": [-132.18626, -17.38772, -18.2489],
						"0.75": [-180, -25, 0],
						"1.0": [-222.18626, -17.38772, -18.2489],
						"1.25": [-270, -25, 0],
						"1.5": [-317.81374, -17.38772, 18.2489],
						"1.75": [-360, -25, 0]
					}
				},
				"back_r_tire": {
					"rotation": {
						"0.0": [-47.81374, -17.38772, 18.2489],
						"0.25": [-90, -25, 0],
						"0.5": [-132.18626, -17.38772, -18.2489],
						"0.75": [-180, -25, 0],
						"1.0": [-222.18626, -17.38772, -18.2489],
						"1.25": [-270, -25, 0],
						"1.5": [-317.81374, -17.38772, 18.2489],
						"1.75": [-360, -25, 0]
					}
				}
			}
		},
		"steering_wheel_turn_right": {
			"loop": "hold_on_last_frame",
			"animation_length": 0.5,
			"bones": {
				"steering_wheel": {
					"rotation": {
						"0.0": [0, 0, 0],
						"0.25": [0, 25, 0]
					}
				}
			}
		},